APR,Fix_Var,Annual_Fee,%
14.9,Fixed,20,0.023508866
14.9,Fixed,0,0.051546825
14.9,Variable,20,0.01617592
14.9,Variable,0,NA
16.8,Fixed,20,0.010550595
16.8,Fixed,0,0.038672537
16.8,Variable,20,NA
16.8,Variable,0,NA
19.8,Fixed,20,0.004584047
19.8,Fixed,0,0.021859992
19.8,Variable,20,NA
19.8,Variable,0,NA
